ID	ran_in_way_pipeline	ClusterK2_kmeans	ClusterK3_kmeans	ClusterK4_kmeans	ClusterK2_NMF	ClusterK3_NMF	ClusterK4_NMF	ClusterK4_kmeans_TCGA_names	external_HGSCsubtype_estimate
Sample_20160X108	True	1.0	1.0	1.0	1.0	3.0	3.0	Mesenchymal	
Sample_20160X247	True	1.0	2.0	2.0	2.0	2.0	2.0	Proliferative	
Sample_20160X248	True	1.0	2.0	4.0	2.0	2.0	4.0	Differentiated	
Sample_20160X284	True	1.0	1.0	1.0	1.0	3.0	3.0	Mesenchymal	
Sample_20160X221	True	1.0	1.0	1.0	2.0	3.0	3.0	Mesenchymal	
Sample_20160X24	True	1.0	1.0	1.0	1.0	3.0	3.0	Mesenchymal	
Sample_20160X1	True	1.0	1.0	4.0	2.0	1.0	4.0	Differentiated	
Sample_20160X2	True	1.0	2.0	4.0	1.0	2.0	3.0	Differentiated	
Sample_20160X3	True	1.0	2.0	4.0	2.0	2.0	4.0	Differentiated	
Sample_20160X4	True	2.0	3.0	3.0	1.0	3.0	3.0	Immunoreactive	
Sample_20160X62	True	2.0	2.0	4.0	1.0	3.0	3.0	Differentiated	
Sample_20160X25	True	1.0	2.0	4.0	2.0	2.0	2.0	Differentiated	
Sample_20160X5	True	1.0	1.0	4.0	2.0	1.0	3.0	Differentiated	
Sample_20160X6	True	1.0	1.0	1.0	2.0	1.0	3.0	Mesenchymal	
Sample_20160X7	True	1.0	1.0	4.0	1.0	3.0	3.0	Differentiated	
Sample_20160X203	True	1.0	2.0	4.0	2.0	2.0	4.0	Differentiated	
Sample_20160X259	True	1.0	1.0	1.0	1.0	2.0	2.0	Mesenchymal	
Sample_18341X1	True	2.0	3.0	4.0	1.0	3.0	3.0	Differentiated	C4.DIF
Sample_20160X278	True	1.0	1.0	1.0	2.0	2.0	2.0	Mesenchymal	
Sample_20160X8	True	1.0	1.0	4.0	2.0	1.0	4.0	Differentiated	
Sample_20160X260	True	2.0	2.0	2.0	1.0	2.0	2.0	Proliferative	
Sample_20160X9	True	1.0	1.0	1.0	2.0	1.0	1.0	Mesenchymal	
Sample_20160X257	True	1.0	1.0	1.0	1.0	3.0	3.0	Mesenchymal	
Sample_20160X26	True	2.0	3.0	3.0	1.0	3.0	3.0	Immunoreactive	
Sample_20160X27	True	2.0	3.0	3.0	1.0	3.0	3.0	Immunoreactive	
Sample_20160X28	True	2.0	1.0	1.0	1.0	3.0	2.0	Mesenchymal	
Sample_20160X29	True	1.0	1.0	1.0	2.0	1.0	3.0	Mesenchymal	
Sample_18341X4	True	2.0	3.0	3.0	1.0	3.0	3.0	Immunoreactive	C4.DIF
Sample_18341X2	True	2.0	3.0	3.0	1.0	3.0	3.0	Immunoreactive	C4.DIF
Sample_20160X109	True	1.0	1.0	1.0	1.0	3.0	3.0	Mesenchymal	
Sample_20160X10	True	1.0	1.0	1.0	2.0	1.0	1.0	Mesenchymal	
Sample_18341X46	True	2.0	3.0	3.0	1.0	3.0	3.0	Immunoreactive	C2.IMM
Sample_20160X80	True	1.0	1.0	1.0	2.0	3.0	3.0	Mesenchymal	
Sample_20160X30	True	2.0	3.0	3.0	1.0	3.0	3.0	Immunoreactive	
Sample_20160X292	True	1.0	2.0	2.0	2.0	2.0	2.0	Proliferative	
Sample_20160X63	True	1.0	1.0	1.0	1.0	3.0	3.0	Mesenchymal	
Sample_18341X9	True	1.0	1.0	1.0	2.0	2.0	2.0	Mesenchymal	C1.MES
Sample_20160X31	True	1.0	2.0	4.0	2.0	2.0	4.0	Differentiated	
Sample_20160X32	True	2.0	3.0	3.0	1.0	3.0	3.0	Immunoreactive	
Sample_20160X39	True	1.0	2.0	4.0	1.0	2.0	3.0	Differentiated	
Sample_20160X40	True	1.0	1.0	4.0	2.0	2.0	4.0	Differentiated	
Sample_20160X204	True	1.0	1.0	4.0	2.0	2.0	4.0	Differentiated	
Sample_20160X33	True	1.0	1.0	1.0	2.0	1.0	1.0	Mesenchymal	
Sample_20160X64	True	1.0	1.0	1.0	2.0	1.0	2.0	Mesenchymal	
Sample_20160X222	True	1.0	1.0	1.0	1.0	3.0	3.0	Mesenchymal	
Sample_20160X261	True	1.0	2.0	4.0	2.0	2.0	4.0	Differentiated	
Sample_20160X65	True	1.0	1.0	1.0	2.0	1.0	1.0	Mesenchymal	
Sample_20160X11	True	1.0	1.0	1.0	2.0	1.0	1.0	Mesenchymal	
Sample_20160X66	True	1.0	2.0	2.0	2.0	2.0	2.0	Proliferative	
Sample_20160X34	True	1.0	1.0	4.0	2.0	3.0	3.0	Differentiated	
Sample_20160X145	True	2.0	3.0	3.0	1.0	3.0	3.0	Immunoreactive	
Sample_20160X263	True	1.0	1.0	1.0	2.0	1.0	1.0	Mesenchymal	
Sample_18341X50	True	1.0	2.0	2.0	2.0	2.0	2.0	Proliferative	
Sample_20160X67	True	1.0	2.0	2.0	2.0	2.0	2.0	Proliferative	
Sample_20160X41	True	1.0	1.0	1.0	2.0	1.0	3.0	Mesenchymal	
Sample_20160X264	True	1.0	2.0	4.0	2.0	2.0	2.0	Differentiated	
Sample_20160X35	True	1.0	1.0	4.0	2.0	1.0	4.0	Differentiated	
Sample_20160X12	True	1.0	1.0	1.0	2.0	1.0	1.0	Mesenchymal	
Sample_20160X280	True	2.0	2.0	2.0	1.0	2.0	2.0	Proliferative	
Sample_20160X42	True	1.0	1.0	1.0	2.0	1.0	1.0	Mesenchymal	
Sample_20160X68	True	1.0	2.0	4.0	1.0	2.0	4.0	Differentiated	
Sample_20160X137	True	1.0	2.0	2.0	2.0	2.0	2.0	Proliferative	
Sample_20160X69	True	1.0	2.0	4.0	2.0	2.0	4.0	Differentiated	
Sample_20160X179	True	2.0	3.0	3.0	1.0	3.0	3.0	Immunoreactive	
Sample_18341X5	True	1.0	1.0	1.0	2.0	1.0	1.0	Mesenchymal	C1.MES
Sample_20160X43	True	1.0	1.0	1.0	2.0	2.0	2.0	Mesenchymal	
Sample_18341X47	True	2.0	3.0	3.0	1.0	3.0	2.0	Immunoreactive	C4.DIF
Sample_18341X3	True	2.0	3.0	3.0	1.0	3.0	3.0	Immunoreactive	C2.IMM
Sample_20160X265	True	1.0	1.0	4.0	2.0	3.0	3.0	Differentiated	
Sample_20160X249	True	2.0	3.0	3.0	1.0	3.0	2.0	Immunoreactive	
Sample_20160X36	True	1.0	2.0	2.0	2.0	2.0	2.0	Proliferative	
Sample_20160X266	True	1.0	1.0	1.0	2.0	2.0	4.0	Mesenchymal	
Sample_20160X267	True	2.0	3.0	3.0	1.0	3.0	3.0	Immunoreactive	
Sample_20160X186	True	1.0	2.0	4.0	2.0	2.0	4.0	Differentiated	
Sample_20160X37	True	1.0	1.0	4.0	2.0	2.0	4.0	Differentiated	
Sample_20160X44	True	1.0	1.0	1.0	2.0	3.0	3.0	Mesenchymal	
Sample_20160X187	True	1.0	1.0	4.0	2.0	2.0	3.0	Differentiated	
Sample_20160X268	True	1.0	2.0	4.0	2.0	2.0	4.0	Differentiated	
Sample_18341X51	True	2.0	2.0	2.0	1.0	2.0	2.0	Proliferative	
Sample_20160X180	True	1.0	2.0	4.0	2.0	2.0	4.0	Differentiated	
Sample_20160X162	True	2.0	1.0	1.0	1.0	3.0	3.0	Mesenchymal	
Sample_20160X45	True	1.0	2.0	4.0	2.0	2.0	4.0	Differentiated	
Sample_20160X46	True	1.0	1.0	1.0	1.0	3.0	3.0	Mesenchymal	
Sample_20160X188	True	1.0	2.0	2.0	2.0	2.0	2.0	Proliferative	
Sample_20160X276	True	2.0	3.0	3.0	1.0	3.0	3.0	Immunoreactive	
Sample_20160X189	True	1.0	1.0	1.0	1.0	3.0	3.0	Mesenchymal	
Sample_20160X181	True	1.0	1.0	4.0	2.0	1.0	3.0	Differentiated	
Sample_20160X70	True	1.0	2.0	4.0	2.0	2.0	4.0	Differentiated	
Sample_18341X24	True	1.0	2.0	2.0	2.0	2.0	2.0	Proliferative	C5.PRO
Sample_20160X190	True	1.0	2.0	2.0	2.0	2.0	2.0	Proliferative	
Sample_20160X223	True	2.0	2.0	2.0	1.0	2.0	2.0	Proliferative	
Sample_18341X6	True	2.0	3.0	3.0	1.0	3.0	3.0	Immunoreactive	C2.IMM
Sample_20160X250	True	2.0	3.0	3.0	1.0	3.0	3.0	Immunoreactive	
Sample_20160X251	True	2.0	3.0	3.0	1.0	3.0	3.0	Immunoreactive	
Sample_20160X269	True	2.0	3.0	3.0	1.0	3.0	3.0	Immunoreactive	
Sample_20160X47	True	1.0	1.0	1.0	2.0	2.0	2.0	Mesenchymal	
Sample_20160X252	True	2.0	3.0	3.0	1.0	3.0	3.0	Immunoreactive	
Sample_20160X224	True	1.0	1.0	1.0	2.0	1.0	1.0	Mesenchymal	
Sample_18341X25	True	2.0	3.0	3.0	1.0	3.0	3.0	Immunoreactive	C2.IMM
Sample_20160X253	True	2.0	2.0	2.0	1.0	2.0	2.0	Proliferative	
Sample_20160X254	True	2.0	2.0	2.0	1.0	2.0	2.0	Proliferative	
Sample_20160X225	True	1.0	1.0	1.0	2.0	1.0	3.0	Mesenchymal	
Sample_20160X191	True	2.0	3.0	3.0	1.0	3.0	3.0	Immunoreactive	
Sample_20160X205	True	1.0	1.0	1.0	2.0	3.0	3.0	Mesenchymal	
Sample_20160X71	True	1.0	1.0	4.0	2.0	2.0	4.0	Differentiated	
Sample_20160X72	True	1.0	2.0	2.0	2.0	2.0	2.0	Proliferative	
Sample_20160X192	True	1.0	2.0	2.0	2.0	2.0	2.0	Proliferative	
Sample_20160X193	True	2.0	2.0	4.0	1.0	2.0	4.0	Differentiated	
Sample_20160X194	True	1.0	2.0	2.0	2.0	2.0	2.0	Proliferative	
Sample_20160X195	True	1.0	2.0	4.0	2.0	2.0	4.0	Differentiated	
Sample_20160X226	True	2.0	3.0	3.0	1.0	3.0	3.0	Immunoreactive	
Sample_20160X283	True	1.0	1.0	1.0	1.0	3.0	3.0	Mesenchymal	
Sample_20160X73	True	1.0	1.0	1.0	2.0	2.0	2.0	Mesenchymal	
Sample_20160X227	True	2.0	3.0	3.0	1.0	3.0	3.0	Immunoreactive	
Sample_20160X281	True	2.0	3.0	3.0	1.0	3.0	2.0	Immunoreactive	
Sample_20160X228	True	2.0	3.0	3.0	1.0	3.0	3.0	Immunoreactive	
Sample_20160X229	True	2.0	3.0	3.0	1.0	3.0	3.0	Immunoreactive	
Sample_20160X279	True	1.0	2.0	4.0	2.0	2.0	4.0	Differentiated	
Sample_20160X74	True	2.0	3.0	3.0	1.0	3.0	3.0	Immunoreactive	
Sample_20160X146	True	2.0	3.0	3.0	1.0	3.0	3.0	Immunoreactive	
Sample_20160X48	True	2.0	3.0	3.0	1.0	3.0	3.0	Immunoreactive	
Sample_20160X196	True	2.0	3.0	3.0	1.0	3.0	3.0	Immunoreactive	
Sample_20160X49	True	1.0	2.0	2.0	2.0	2.0	2.0	Proliferative	
Sample_20160X270	True	1.0	2.0	4.0	2.0	1.0	3.0	Differentiated	
Sample_20160X271	True	2.0	3.0	3.0	1.0	3.0	3.0	Immunoreactive	
Sample_20160X101	True	1.0	2.0	2.0	2.0	2.0	2.0	Proliferative	
Sample_20160X50	True	2.0	3.0	3.0	1.0	3.0	3.0	Immunoreactive	
Sample_20160X277	True	1.0	2.0	2.0	2.0	2.0	2.0	Proliferative	
Sample_20160X230	True	1.0	1.0	4.0	2.0	1.0	4.0	Differentiated	
Sample_20160X231	True	2.0	3.0	2.0	1.0	3.0	2.0	Proliferative	
Sample_20160X232	True	2.0	3.0	3.0	1.0	3.0	3.0	Immunoreactive	
Sample_20160X272	True	1.0	1.0	4.0	2.0	1.0	4.0	Differentiated	
Sample_20160X255	True	2.0	3.0	3.0	1.0	3.0	3.0	Immunoreactive	
Sample_20160X233	True	1.0	1.0	1.0	1.0	3.0	3.0	Mesenchymal	
Sample_20160X206	True	2.0	3.0	3.0	1.0	3.0	3.0	Immunoreactive	
Sample_20160X165	True	1.0	2.0	2.0	2.0	2.0	2.0	Proliferative	
Sample_20160X147	True	1.0	2.0	4.0	2.0	2.0	4.0	Differentiated	
Sample_20160X207	True	1.0	1.0	1.0	1.0	3.0	3.0	Mesenchymal	
Sample_20160X235	True	2.0	3.0	3.0	1.0	3.0	3.0	Immunoreactive	
Sample_20160X148	True	2.0	3.0	3.0	1.0	3.0	3.0	Immunoreactive	
Sample_20160X236	True	1.0	2.0	1.0	2.0	2.0	2.0	Mesenchymal	
Sample_18341X52	True	1.0	1.0	1.0	2.0	2.0	2.0	Mesenchymal	
Sample_18341X42	True	1.0	1.0	1.0	2.0	3.0	2.0	Mesenchymal	C4.DIF
Sample_20160X51	True	1.0	2.0	4.0	2.0	2.0	4.0	Differentiated	
Sample_20160X52	True	1.0	1.0	1.0	1.0	3.0	3.0	Mesenchymal	
Sample_20160X53	True	1.0	1.0	1.0	1.0	3.0	3.0	Mesenchymal	
Sample_20160X166	True	2.0	3.0	3.0	1.0	3.0	2.0	Immunoreactive	
Sample_20160X197	True	1.0	1.0	1.0	2.0	1.0	2.0	Mesenchymal	
Sample_20160X237	True	2.0	3.0	3.0	1.0	3.0	3.0	Immunoreactive	
Sample_20160X167	True	2.0	2.0	2.0	1.0	2.0	2.0	Proliferative	
Sample_20160X75	True	1.0	1.0	1.0	2.0	2.0	2.0	Mesenchymal	
Sample_18341X19	True	2.0	3.0	3.0	1.0	3.0	3.0	Immunoreactive	C2.IMM
Sample_20160X182	True	2.0	3.0	3.0	1.0	3.0	2.0	Immunoreactive	
Sample_20160X238	True	2.0	2.0	2.0	1.0	2.0	2.0	Proliferative	
Sample_20160X239	True	2.0	3.0	3.0	1.0	3.0	3.0	Immunoreactive	
Sample_20160X38	True	1.0	1.0	1.0	2.0	1.0	1.0	Mesenchymal	
Sample_20160X198	True	1.0	1.0	1.0	1.0	3.0	2.0	Mesenchymal	
Sample_20160X240	True	2.0	3.0	3.0	1.0	3.0	3.0	Immunoreactive	
Sample_20160X208	True	1.0	2.0	4.0	1.0	2.0	4.0	Differentiated	
Sample_20160X241	True	2.0	3.0	3.0	1.0	3.0	3.0	Immunoreactive	
Sample_20160X242	True	1.0	2.0	2.0	2.0	2.0	2.0	Proliferative	
Sample_20160X243	True	1.0	2.0	4.0	1.0	2.0	4.0	Differentiated	
Sample_20160X110	True	2.0	3.0	3.0	1.0	3.0	2.0	Immunoreactive	
Sample_20160X209	True	2.0	3.0	3.0	1.0	3.0	3.0	Immunoreactive	
Sample_20160X149	True	1.0	1.0	1.0	1.0	3.0	3.0	Mesenchymal	
Sample_20160X150	True	2.0	3.0	3.0	1.0	3.0	3.0	Immunoreactive	
Sample_20160X210	True	2.0	3.0	3.0	1.0	3.0	3.0	Immunoreactive	
Sample_20160X54	True	2.0	3.0	3.0	1.0	3.0	3.0	Immunoreactive	
Sample_20160X55	True	2.0	3.0	3.0	1.0	3.0	3.0	Immunoreactive	
Sample_20160X291	True	1.0	1.0	1.0	2.0	3.0	1.0	Mesenchymal	
Sample_20160X211	True	1.0	1.0	1.0	1.0	3.0	3.0	Mesenchymal	
Sample_20160X212	True	2.0	2.0	3.0	1.0	3.0	2.0	Immunoreactive	
Sample_20160X244	True	2.0	3.0	3.0	1.0	3.0	3.0	Immunoreactive	
Sample_20160X290	True	1.0	2.0	4.0	2.0	2.0	4.0	Differentiated	
Sample_20160X111	True	1.0	2.0	4.0	1.0	3.0	3.0	Differentiated	
Sample_18341X48	True	2.0	2.0	4.0	1.0	3.0	3.0	Differentiated	C4.DIF
Sample_20160X151	True	2.0	1.0	1.0	1.0	3.0	3.0	Mesenchymal	
Sample_18341X43	True	1.0	1.0	1.0	2.0	3.0	3.0	Mesenchymal	C1.MES
Sample_20160X81	True	1.0	1.0	1.0	1.0	3.0	3.0	Mesenchymal	
Sample_20160X213	True	2.0	3.0	3.0	1.0	3.0	3.0	Immunoreactive	
Sample_20160X82	True	1.0	1.0	1.0	2.0	2.0	2.0	Mesenchymal	
Sample_20160X14	True	1.0	2.0	4.0	2.0	2.0	4.0	Differentiated	
Sample_18341X11	True	1.0	1.0	1.0	2.0	1.0	3.0	Mesenchymal	C1.MES
Sample_20160X83	True	2.0	3.0	3.0	1.0	3.0	3.0	Immunoreactive	
Sample_20160X214	True	1.0	1.0	1.0	1.0	3.0	3.0	Mesenchymal	
Sample_20160X76	True	2.0	3.0	1.0	1.0	3.0	3.0	Mesenchymal	
Sample_20160X288	True	1.0	1.0	1.0	1.0	3.0	2.0	Mesenchymal	
Sample_20160X152	True	1.0	2.0	2.0	2.0	2.0	2.0	Proliferative	
Sample_20160X56	True	2.0	3.0	1.0	1.0	3.0	2.0	Mesenchymal	
Sample_20160X285	True	2.0	3.0	3.0	1.0	3.0	3.0	Immunoreactive	
Sample_20160X215	True	2.0	2.0	2.0	1.0	2.0	2.0	Proliferative	
Sample_20160X245	True	1.0	1.0	1.0	2.0	1.0	1.0	Mesenchymal	
Sample_20160X216	True	2.0	2.0	2.0	1.0	2.0	2.0	Proliferative	
Sample_20160X84	True	1.0	1.0	1.0	2.0	1.0	2.0	Mesenchymal	
Sample_20160X85	True	2.0	2.0	2.0	1.0	2.0	2.0	Proliferative	
Sample_20160X168	True	1.0	1.0	1.0	1.0	3.0	2.0	Mesenchymal	
Sample_20160X57	True	2.0	1.0	1.0	1.0	3.0	3.0	Mesenchymal	
Sample_20160X217	True	2.0	2.0	2.0	1.0	2.0	2.0	Proliferative	
Sample_20160X218	True	1.0	2.0	4.0	2.0	2.0	4.0	Differentiated	
Sample_20160X219	True	1.0	2.0	4.0	2.0	2.0	4.0	Differentiated	
Sample_20160X86	True	2.0	3.0	3.0	1.0	3.0	2.0	Immunoreactive	
Sample_20160X87	True	1.0	1.0	1.0	2.0	2.0	2.0	Mesenchymal	
Sample_20160X15	True	1.0	2.0	4.0	2.0	2.0	4.0	Differentiated	
Sample_20160X88	True	2.0	3.0	3.0	1.0	3.0	3.0	Immunoreactive	
Sample_20160X220	True	1.0	2.0	4.0	2.0	2.0	4.0	Differentiated	
Sample_20160X89	True	2.0	3.0	3.0	1.0	3.0	3.0	Immunoreactive	
Sample_20160X58	True	1.0	1.0	1.0	1.0	3.0	3.0	Mesenchymal	
Sample_20160X246	True	2.0	3.0	3.0	1.0	3.0	3.0	Immunoreactive	
Sample_18341X44	True	2.0	1.0	1.0	1.0	3.0	2.0	Mesenchymal	C1.MES
Sample_20160X112	True	2.0	3.0	3.0	1.0	3.0	3.0	Immunoreactive	
Sample_20160X90	True	1.0	2.0	4.0	1.0	2.0	4.0	Differentiated	
Sample_20160X153	True	1.0	1.0	1.0	2.0	3.0	2.0	Mesenchymal	
Sample_20160X169	True	2.0	3.0	3.0	1.0	3.0	3.0	Immunoreactive	
Sample_20160X102	True	2.0	3.0	3.0	1.0	3.0	3.0	Immunoreactive	
Sample_20160X91	True	1.0	1.0	4.0	2.0	2.0	4.0	Differentiated	
Sample_20160X113	True	2.0	3.0	3.0	1.0	3.0	3.0	Immunoreactive	
Sample_20160X170	True	2.0	2.0	3.0	1.0	2.0	3.0	Immunoreactive	
Sample_20160X171	True	1.0	1.0	1.0	1.0	3.0	2.0	Mesenchymal	
Sample_20160X114	True	1.0	1.0	1.0	2.0	3.0	3.0	Mesenchymal	
Sample_20160X115	True	1.0	1.0	1.0	1.0	3.0	3.0	Mesenchymal	
Sample_20160X172	True	1.0	2.0	4.0	2.0	2.0	2.0	Differentiated	
Sample_20160X92	True	1.0	2.0	4.0	2.0	2.0	2.0	Differentiated	
Sample_20160X116	True	1.0	2.0	4.0	2.0	2.0	4.0	Differentiated	
Sample_20160X117	True	1.0	3.0	4.0	1.0	3.0	3.0	Differentiated	
Sample_20160X199	True	1.0	1.0	4.0	2.0	2.0	4.0	Differentiated	
Sample_20160X173	True	1.0	1.0	1.0	2.0	1.0	1.0	Mesenchymal	
Sample_20160X174	True	1.0	1.0	1.0	1.0	3.0	3.0	Mesenchymal	
Sample_20160X154	True	2.0	3.0	3.0	1.0	3.0	3.0	Immunoreactive	
Sample_20160X274	True	2.0	3.0	3.0	1.0	3.0	2.0	Immunoreactive	
Sample_20160X103	True	1.0	1.0	1.0	2.0	1.0	2.0	Mesenchymal	
Sample_18341X20	True	2.0	2.0	2.0	1.0	2.0	2.0	Proliferative	C5.PRO
Sample_20160X273	True	2.0	2.0	2.0	1.0	2.0	2.0	Proliferative	
Sample_20160X183	True	1.0	2.0	2.0	2.0	2.0	2.0	Proliferative	
Sample_20160X155	True	1.0	2.0	4.0	2.0	2.0	4.0	Differentiated	
Sample_20160X138	True	1.0	2.0	4.0	1.0	3.0	4.0	Differentiated	
Sample_20160X104	True	2.0	3.0	3.0	1.0	3.0	3.0	Immunoreactive	
Sample_20160X175	True	2.0	3.0	3.0	1.0	3.0	3.0	Immunoreactive	
Sample_20160X200	True	1.0	2.0	4.0	2.0	2.0	2.0	Differentiated	
Sample_20160X176	True	1.0	2.0	2.0	2.0	2.0	2.0	Proliferative	
Sample_20160X139	True	1.0	1.0	1.0	2.0	1.0	1.0	Mesenchymal	
Sample_20160X156	True	2.0	2.0	4.0	1.0	3.0	3.0	Differentiated	
Sample_20160X16	True	1.0	1.0	1.0	2.0	2.0	2.0	Mesenchymal	
Sample_20160X177	True	2.0	3.0	3.0	1.0	3.0	3.0	Immunoreactive	
Sample_20160X118	True	1.0	1.0	1.0	2.0	1.0	3.0	Mesenchymal	
Sample_20160X286	True	1.0	1.0	1.0	2.0	1.0	4.0	Mesenchymal	
Sample_20160X157	True	1.0	1.0	1.0	2.0	2.0	2.0	Mesenchymal	
Sample_20160X158	True	1.0	1.0	1.0	2.0	1.0	1.0	Mesenchymal	
Sample_20160X140	True	1.0	1.0	1.0	2.0	3.0	3.0	Mesenchymal	
Sample_20160X93	True	1.0	2.0	4.0	2.0	2.0	4.0	Differentiated	
Sample_20160X105	True	2.0	3.0	3.0	1.0	3.0	3.0	Immunoreactive	
Sample_20160X178	True	2.0	3.0	3.0	1.0	3.0	3.0	Immunoreactive	
Sample_20160X119	True	2.0	1.0	1.0	1.0	3.0	3.0	Mesenchymal	
Sample_20160X120	True	1.0	1.0	1.0	2.0	2.0	2.0	Mesenchymal	
Sample_20160X121	True	1.0	1.0	1.0	2.0	2.0	1.0	Mesenchymal	
Sample_20160X122	True	1.0	1.0	1.0	2.0	1.0	3.0	Mesenchymal	
Sample_20160X123	True	1.0	1.0	4.0	2.0	2.0	4.0	Differentiated	
Sample_20160X124	True	2.0	3.0	3.0	1.0	3.0	3.0	Immunoreactive	
Sample_20160X17	True	1.0	1.0	4.0	1.0	3.0	3.0	Differentiated	
Sample_20160X94	True	2.0	3.0	3.0	1.0	3.0	3.0	Immunoreactive	
Sample_20160X125	True	1.0	1.0	1.0	1.0	3.0	3.0	Mesenchymal	
Sample_20160X106	True	1.0	1.0	1.0	1.0	3.0	3.0	Mesenchymal	
Sample_20160X95	True	2.0	3.0	3.0	1.0	3.0	3.0	Immunoreactive	
Sample_20160X59	True	2.0	3.0	3.0	1.0	3.0	3.0	Immunoreactive	
Sample_20160X159	True	1.0	1.0	4.0	2.0	1.0	3.0	Differentiated	
Sample_20160X126	True	1.0	1.0	1.0	2.0	1.0	2.0	Mesenchymal	
Sample_20160X96	True	2.0	3.0	3.0	1.0	3.0	3.0	Immunoreactive	
Sample_20160X201	True	1.0	2.0	4.0	1.0	3.0	4.0	Differentiated	
Sample_20160X18	True	2.0	3.0	3.0	1.0	3.0	3.0	Immunoreactive	
Sample_20160X275	True	2.0	3.0	3.0	1.0	3.0	3.0	Immunoreactive	
Sample_20160X97	True	1.0	1.0	1.0	2.0	3.0	1.0	Mesenchymal	
Sample_20160X293	True	1.0	1.0	1.0	2.0	3.0	1.0	Mesenchymal	
Sample_20160X98	True	1.0	1.0	4.0	2.0	2.0	4.0	Differentiated	
Sample_20160X202	True	1.0	2.0	4.0	1.0	2.0	4.0	Differentiated	
Sample_20160X19	True	2.0	3.0	3.0	1.0	3.0	3.0	Immunoreactive	
Sample_20160X127	True	2.0	3.0	3.0	1.0	3.0	3.0	Immunoreactive	
Sample_20160X20	True	1.0	2.0	4.0	2.0	2.0	2.0	Differentiated	
Sample_20160X128	True	1.0	2.0	4.0	2.0	2.0	4.0	Differentiated	
Sample_20160X99	True	1.0	1.0	4.0	2.0	2.0	4.0	Differentiated	
Sample_20160X100	True	2.0	3.0	3.0	1.0	3.0	3.0	Immunoreactive	
Sample_20160X129	True	2.0	3.0	3.0	1.0	3.0	3.0	Immunoreactive	
Sample_20160X130	True	1.0	2.0	2.0	2.0	2.0	2.0	Proliferative	
Sample_20160X60	True	1.0	1.0	1.0	2.0	1.0	3.0	Mesenchymal	
Sample_20160X141	True	1.0	1.0	1.0	2.0	2.0	2.0	Mesenchymal	
Sample_20160X131	True	1.0	1.0	1.0	2.0	1.0	2.0	Mesenchymal	
Sample_20160X21	True	1.0	2.0	4.0	2.0	2.0	4.0	Differentiated	
Sample_20160X160	True	1.0	1.0	1.0	1.0	3.0	3.0	Mesenchymal	
Sample_20160X22	True	1.0	2.0	4.0	1.0	2.0	4.0	Differentiated	
Sample_20160X287	True	1.0	1.0	1.0	2.0	1.0	1.0	Mesenchymal	
Sample_20160X258	True	1.0	2.0	4.0	2.0	2.0	4.0	Differentiated	
Sample_20160X294	True	2.0	2.0	2.0	1.0	2.0	2.0	Proliferative	
Sample_18341X18	True	1.0	1.0	1.0	2.0	1.0	2.0	Mesenchymal	C1.MES
Sample_20160X77	True	1.0	1.0	1.0	2.0	1.0	1.0	Mesenchymal	
Sample_20160X142	True	1.0	1.0	1.0	1.0	3.0	3.0	Mesenchymal	
Sample_20160X282	True	2.0	2.0	4.0	1.0	2.0	3.0	Differentiated	
Sample_20160X143	True	1.0	1.0	1.0	2.0	3.0	3.0	Mesenchymal	
Sample_20160X61	True	2.0	2.0	4.0	1.0	3.0	4.0	Differentiated	
Sample_20160X78	True	1.0	2.0	4.0	2.0	2.0	4.0	Differentiated	
Sample_20160X132	True	1.0	1.0	1.0	2.0	2.0	1.0	Mesenchymal	
Sample_20160X161	True	2.0	3.0	3.0	1.0	3.0	3.0	Immunoreactive	
Sample_20160X79	True	1.0	1.0	1.0	2.0	1.0	2.0	Mesenchymal	
Sample_20160X133	True	1.0	2.0	2.0	2.0	2.0	2.0	Proliferative	
Sample_20160X184	True	1.0	1.0	1.0	2.0	1.0	4.0	Mesenchymal	
Sample_20160X134	True	1.0	1.0	1.0	1.0	3.0	2.0	Mesenchymal	
Sample_20160X185	True	2.0	2.0	4.0	1.0	2.0	4.0	Differentiated	
Sample_20160X135	True	1.0	2.0	4.0	2.0	2.0	4.0	Differentiated	
Sample_18341X21	True	2.0	2.0	2.0	1.0	2.0	2.0	Proliferative	C5.PRO
Sample_20160X289	True	1.0	1.0	1.0	2.0	2.0	3.0	Mesenchymal	
Sample_20160X136	True	1.0	2.0	4.0	2.0	2.0	4.0	Differentiated	
Sample_20160X23	True	1.0	1.0	1.0	1.0	3.0	3.0	Mesenchymal	
